{"info":{"year":"2023","version":"1","description":"Exported from roboflow.ai","contributor":"","url":"https://public.roboflow.ai/object-detection/undefined","date_created":"2023-06-18T16:26:15+00:00"},"licenses":[{"id":1,"url":"https://creativecommons.org/licenses/by/4.0/","name":"CC BY 4.0"}],"categories":[{"id":0,"name":"mealworms","supercategory":"none"},{"id":1,"name":"mealworm","supercategory":"mealworms"},{"id":2,"name":"pupa","supercategory":"mealworms"},{"id":3,"name":"young","supercategory":"mealworms"}],"images":[{"id":0,"license":1,"file_name":"14_jpg.rf.1bd1568f8ce09288cfa9473209d120cf.jpg","height":640,"width":640,"date_captured":"2023-06-18T16:26:15+00:00"},{"id":1,"license":1,"file_name":"21_jpg.rf.1ae0c83427c9e89acd9e0e5ef4c4c0a6.jpg","height":640,"width":640,"date_captured":"2023-06-18T16:26:15+00:00"},{"id":2,"license":1,"file_name":"10_jpg.rf.28f80bf31715feba76246859dc38ea4c.jpg","height":640,"width":640,"date_captured":"2023-06-18T16:26:15+00:00"},{"id":3,"license":1,"file_name":"14_jpg.rf.416d831ed83116a8ca64d172e8cbf7e5.jpg","height":640,"width":640,"date_captured":"2023-06-18T16:26:15+00:00"},{"id":4,"license":1,"file_name":"23_jpg.rf.29ce039c74f104eba79f831d6ee4a721.jpg","height":640,"width":640,"date_captured":"2023-06-18T16:26:15+00:00"},{"id":5,"license":1,"file_name":"30_jpg.rf.0a0f8f5e669e7f332352e5972cdb96b6.jpg","height":640,"width":640,"date_captured":"2023-06-18T16:26:15+00:00"},{"id":6,"license":1,"file_name":"3_jpg.rf.16f49e321c5748c51dc834346c654208.jpg","height":640,"width":640,"date_captured":"2023-06-18T16:26:15+00:00"},{"id":7,"license":1,"file_name":"12_jpg.rf.3e1c8b726603466059f1c6343805414f.jpg","height":640,"width":640,"date_captured":"2023-06-18T16:26:15+00:00"},{"id":8,"license":1,"file_name":"30_jpg.rf.560a0b4320b7eb6ceccea37c4e99a771.jpg","height":640,"width":640,"date_captured":"2023-06-18T16:26:15+00:00"},{"id":9,"license":1,"file_name":"13_jpg.rf.768a08392be0ac4a7871cbbf2d6b63d2.jpg","height":640,"width":640,"date_captured":"2023-06-18T16:26:15+00:00"},{"id":10,"license":1,"file_name":"3_jpg.rf.52da3c12aac4222890bdb416f76ccc9f.jpg","height":640,"width":640,"date_captured":"2023-06-18T16:26:15+00:00"},{"id":11,"license":1,"file_name":"7_jpg.rf.615a48607ccd6eadc10595a3a2908ddb.jpg","height":640,"width":640,"date_captured":"2023-06-18T16:26:15+00:00"},{"id":12,"license":1,"file_name":"9_jpg.rf.4cd689be2eb847cc705fd57f32018bdd.jpg","height":640,"width":640,"date_captured":"2023-06-18T16:26:15+00:00"},{"id":13,"license":1,"file_name":"22_jpg.rf.82d8d3952055dcfa970ecd29afef4453.jpg","height":640,"width":640,"date_captured":"2023-06-18T16:26:15+00:00"},{"id":14,"license":1,"file_name":"17_jpg.rf.1421c3ac1a52556bb3ea5845087fdf9d.jpg","height":640,"width":640,"date_captured":"2023-06-18T16:26:15+00:00"},{"id":15,"license":1,"file_name":"23_jpg.rf.863dbe5b4855aea4a6e09463d0907afc.jpg","height":640,"width":640,"date_captured":"2023-06-18T16:26:15+00:00"},{"id":16,"license":1,"file_name":"13_jpg.rf.9cf76d9f46c6a91e377717e1a8195a9a.jpg","height":640,"width":640,"date_captured":"2023-06-18T16:26:15+00:00"},{"id":17,"license":1,"file_name":"23_jpg.rf.8c652c3a80bdbfe664b6ea97017fcd12.jpg","height":640,"width":640,"date_captured":"2023-06-18T16:26:15+00:00"},{"id":18,"license":1,"file_name":"18_jpg.rf.713dcc4be012e801a2c10f92f3977cf3.jpg","height":640,"width":640,"date_captured":"2023-06-18T16:26:15+00:00"},{"id":19,"license":1,"file_name":"7_jpg.rf.857181fdd242b8aecf6454a94aa14c0b.jpg","height":640,"width":640,"date_captured":"2023-06-18T16:26:15+00:00"},{"id":20,"license":1,"file_name":"12_jpg.rf.aa4170e5f07f94243f5171fbba18b1ce.jpg","height":640,"width":640,"date_captured":"2023-06-18T16:26:15+00:00"},{"id":21,"license":1,"file_name":"14_jpg.rf.9de532d09fbd81909a1a7e17c1043589.jpg","height":640,"width":640,"date_captured":"2023-06-18T16:26:15+00:00"},{"id":22,"license":1,"file_name":"8_jpg.rf.a141e161681c789021f8764737e601c8.jpg","height":640,"width":640,"date_captured":"2023-06-18T16:26:15+00:00"},{"id":23,"license":1,"file_name":"1_jpg.rf.b22ac6d17038ec159e63c5cf3c487dfb.jpg","height":640,"width":640,"date_captured":"2023-06-18T16:26:15+00:00"},{"id":24,"license":1,"file_name":"6_jpg.rf.ccc611c6ac83fb705e9d8453dd50ec95.jpg","height":640,"width":640,"date_captured":"2023-06-18T16:26:15+00:00"},{"id":25,"license":1,"file_name":"1_jpg.rf.90d71283889f758af93bf682fc8caa6a.jpg","height":640,"width":640,"date_captured":"2023-06-18T16:26:15+00:00"},{"id":26,"license":1,"file_name":"6_jpg.rf.b2dae1ce90a358736ea94279e8fc15da.jpg","height":640,"width":640,"date_captured":"2023-06-18T16:26:15+00:00"},{"id":27,"license":1,"file_name":"13_jpg.rf.a014c78790969a3ebc1d3e716dd9934d.jpg","height":640,"width":640,"date_captured":"2023-06-18T16:26:15+00:00"},{"id":28,"license":1,"file_name":"12_jpg.rf.97d2086c68dbb3d8d4802d56022ca497.jpg","height":640,"width":640,"date_captured":"2023-06-18T16:26:15+00:00"},{"id":29,"license":1,"file_name":"18_jpg.rf.833a94bb70efde37070c12159b308b87.jpg","height":640,"width":640,"date_captured":"2023-06-18T16:26:15+00:00"},{"id":30,"license":1,"file_name":"7_jpg.rf.b3e7906863b4a3c33985de844636a60c.jpg","height":640,"width":640,"date_captured":"2023-06-18T16:26:15+00:00"},{"id":31,"license":1,"file_name":"21_jpg.rf.ddf1b66be8fb0861227dfa02fa40f139.jpg","height":640,"width":640,"date_captured":"2023-06-18T16:26:15+00:00"},{"id":32,"license":1,"file_name":"3_jpg.rf.11722a8ed963238a614a6199af143c03.jpg","height":640,"width":640,"date_captured":"2023-06-18T16:26:15+00:00"},{"id":33,"license":1,"file_name":"22_jpg.rf.93f11db22e22267c6a8de075dce86b5c.jpg","height":640,"width":640,"date_captured":"2023-06-18T16:26:15+00:00"},{"id":34,"license":1,"file_name":"21_jpg.rf.d699abdf672d9349a1f54382bc462ef2.jpg","height":640,"width":640,"date_captured":"2023-06-18T16:26:15+00:00"},{"id":35,"license":1,"file_name":"6_jpg.rf.e9dc6a917375a988233a3034e07e7661.jpg","height":640,"width":640,"date_captured":"2023-06-18T16:26:15+00:00"},{"id":36,"license":1,"file_name":"10_jpg.rf.a982369ade66bde14347a83703c06865.jpg","height":640,"width":640,"date_captured":"2023-06-18T16:26:15+00:00"},{"id":37,"license":1,"file_name":"8_jpg.rf.eb6d34592bb1e83c0f03b91c8241b927.jpg","height":640,"width":640,"date_captured":"2023-06-18T16:26:15+00:00"},{"id":38,"license":1,"file_name":"8_jpg.rf.e907452e519b72828d1b337f49ce7c00.jpg","height":640,"width":640,"date_captured":"2023-06-18T16:26:15+00:00"},{"id":39,"license":1,"file_name":"30_jpg.rf.e64d73b3f69f842da3f58188a9e8eb68.jpg","height":640,"width":640,"date_captured":"2023-06-18T16:26:15+00:00"},{"id":40,"license":1,"file_name":"22_jpg.rf.e3fbcee7f040eafae478d7759a997595.jpg","height":640,"width":640,"date_captured":"2023-06-18T16:26:15+00:00"},{"id":41,"license":1,"file_name":"9_jpg.rf.f5bd9504bb702539195a164ecec729ab.jpg","height":640,"width":640,"date_captured":"2023-06-18T16:26:15+00:00"},{"id":42,"license":1,"file_name":"17_jpg.rf.ef2fa7f2e88dbd9ccd35d8ded82da0b2.jpg","height":640,"width":640,"date_captured":"2023-06-18T16:26:15+00:00"},{"id":43,"license":1,"file_name":"17_jpg.rf.e2f5023babb3ac4548c668f352966966.jpg","height":640,"width":640,"date_captured":"2023-06-18T16:26:15+00:00"},{"id":44,"license":1,"file_name":"9_jpg.rf.e8f362c6f47f8b44f0d4e36f6100122a.jpg","height":640,"width":640,"date_captured":"2023-06-18T16:26:15+00:00"},{"id":45,"license":1,"file_name":"1_jpg.rf.5512e964ef34df20660d0a4560198c4e.jpg","height":640,"width":640,"date_captured":"2023-06-18T16:26:15+00:00"},{"id":46,"license":1,"file_name":"18_jpg.rf.f4525f1cbb8426c48ad2a5d079e20d2d.jpg","height":640,"width":640,"date_captured":"2023-06-18T16:26:15+00:00"}],"annotations":[{"id":0,"image_id":0,"category_id":1,"bbox":[60,12,426,560.044],"area":238578.652,"segmentation":[[431.541,16.984,371.132,83.994,331.583,118.32,319.976,136.055,300.006,149.832,233.666,233.709,224.579,252.462,210.569,267.5,185.849,312.136,169.943,329.57,146.084,374.267,131.838,392.66,62.606,527.819,60,565.083,60,567.032,129.287,571.877,140.408,554.273,147.834,534.56,164.775,514.67,167.375,502.206,183.632,479.739,218.592,412.214,247.942,375.489,256.227,355.836,276.901,331.991,294.957,296.162,314.654,273.935,332.534,240.622,363.31,208.211,376.012,187.181,400.867,165.315,420.915,138.055,453.528,104.086,471.115,74.968,483.401,61.315,486,24.152,486,14.891,442.269,11.833,431.541,16.984]],"iscrowd":0},{"id":1,"image_id":1,"category_id":1,"bbox":[89,163,434.526,401.986],"area":174673.694,"segmentation":[[518.737,513.95,509.305,500.226,464.505,449.3,438.905,425.463,422.737,416.072,403.874,395.847,380.295,381.4,364.126,363.341,340.547,346.005,315.621,319.278,298.779,307.72,281.937,288.217,256.337,270.158,241.516,253.544,214.568,235.485,198.4,218.149,170.779,198.646,160,187.81,117.558,165.418,102.063,163.251,91.621,165.056,88.926,170.113,96.337,190.339,128.337,234.041,137.095,239.097,166.737,270.88,178.189,278.104,202.442,304.831,221.305,316.388,228.716,327.946,250.947,348.894,260.379,353.95,275.874,373.454,294.063,390.068,300.8,392.957,318.316,413.183,344.589,431.242,358.737,446.411,385.684,463.025,398.484,476.749,420.716,494.086,428.126,503.476,442.274,514.312,476.632,553.318,494.821,564.876,503.916,565.237,513.684,560.542,523.453,549.345,523.453,526.23,518.737,513.95]],"iscrowd":0},{"id":2,"image_id":2,"category_id":2,"bbox":[131,147,390,313.077],"area":122099.883,"segmentation":[[492.628,288.732,481.31,272.184,467.047,269.471,471.22,257.791,452.488,239.627,434.592,242.89,428.061,227.62,428.11,216.3,404.517,201.957,391.605,208.744,375.108,210.188,372.235,195.163,379.403,182.089,352.717,168.016,338.97,177.14,324.633,179.526,321.662,163.378,326.13,155.067,322.913,147.993,318.516,147.008,292.079,149.321,289.085,153.216,276.81,155.421,274.371,150.871,131,163.414,131,164.615,131.756,173.255,138.231,180.558,148.837,206.787,168.821,233.327,188.436,237.835,194.206,250.343,200.221,253.777,228.649,258.079,246.816,275.726,269.058,280.569,290.515,300.192,317.372,310.289,338.363,330.518,340.131,350.731,357.144,361.123,387.267,390.737,390.755,418.721,411.499,424.261,417.563,440.138,426.966,446.67,457.996,445.087,469.714,460.085,521,455.598,521,441.084,508.477,297.947,492.628,288.732]],"iscrowd":0},{"id":3,"image_id":3,"category_id":1,"bbox":[144,0,255.416,621],"area":158613.258,"segmentation":[[150.468,0,144.466,22.398,148.937,42.904,171.079,90.305,182.388,126.125,200.716,158.039,206.522,184.669,227.289,229.773,234.123,271.144,246.878,301.565,252.989,345.635,266.19,378.104,267.835,401.69,285.538,450.796,298.037,534.189,307.076,563.614,305.318,577.609,315.378,602.991,382.59,621,386.232,621,399.882,570.059,384.138,461.785,375.75,437.357,366.719,381.895,356.232,357.869,346.272,302.159,336.92,281.33,334.106,258.394,294.402,146.495,278.307,124.823,272.465,102.041,243.133,51.749,220.915,0,150.468,0]],"iscrowd":0},{"id":4,"image_id":4,"category_id":2,"bbox":[425,71,135.671,305.676],"area":41471.346,"segmentation":[[515.206,320.305,515.206,305.067,520.93,296.533,520.93,291.657,514.633,284.343,519.213,248.99,518.64,240.457,514.633,235.581,518.068,217.295,526.082,205.714,529.517,188.038,539.249,174.019,541.538,160.61,550.698,150.857,554.132,136.229,559.857,130.743,560.429,106.971,556.422,94.781,557.567,77.714,549.839,70.705,518.927,101.181,501.753,106.667,498.891,115.81,489.159,115.2,479.141,123.429,485.438,136.838,481.145,140.19,471.986,138.971,461.968,152.076,470.555,160.61,471.699,164.876,464.544,170.057,457.102,170.057,454.526,172.19,448.229,184.99,457.961,193.524,458.533,197.79,450.805,202.971,444.508,203.581,437.925,217.905,443.077,233.143,441.646,235.886,434.49,238.629,432.2,248.99,432.2,254.476,439.07,259.352,432.773,264.838,432.773,278.857,429.338,289.219,428.766,316.648,424.758,322.743,424.758,327.01,433.918,350.171,446.225,363.276,465.116,375.467,479.714,376.381,490.877,373.638,503.757,361.752,501.467,330.667,515.206,320.305]],"iscrowd":0},{"id":5,"image_id":4,"category_id":1,"bbox":[41,357,493.453,155.124],"area":76546.246,"segmentation":[[364.365,460.8,488.014,419.962,508.623,409.6,530.089,393.448,534.097,381.257,529.517,365.41,522.361,357.181,517.209,356.571,508.05,360.838,499.463,370.59,484.007,377.905,466.834,378.514,459.392,374.857,453.095,375.467,439.356,382.781,420.465,384.61,410.733,389.486,384.973,395.581,377.531,399.848,358.64,402.286,335.17,410.819,313.417,413.867,261.896,427.886,198.354,449.829,171.449,454.095,154.275,459.581,113.059,463.238,63.256,463.848,45.51,469.943,40.644,475.124,41.216,478.781,59.249,494.933,68.408,496.762,90.733,507.124,118.784,511.39,151.699,511.695,179.463,508.952,227.549,497.981,301.395,476.038,364.365,460.8]],"iscrowd":0},{"id":6,"image_id":5,"category_id":3,"bbox":[230,11,164.509,299.821],"area":49323.094,"segmentation":[[252.526,302.387,266.112,284.03,278.043,260.034,292.97,236.229,302.483,213.498,311.26,199.941,327.081,168.461,357.566,98.548,382.058,52.512,389.627,35.545,394.673,14.8,394.522,11.179,364.254,14.36,344.113,43.361,321.513,83.134,263.33,200.936,230.164,260.47,235.475,311,237.752,311,244.887,310.25,252.526,302.387]],"iscrowd":0},{"id":7,"image_id":6,"category_id":1,"bbox":[127,143,359.804,398.903],"area":143527.073,"segmentation":[[464.032,461.06,450.359,450.533,428.954,423.145,413.298,408.755,398.012,387.246,379.135,368.817,366.747,349.15,343.089,324.313,320.294,288.842,308.479,278.576,294.108,255.045,274.81,235.123,258.779,209.924,227.192,169.632,210.099,154.458,129.259,143.097,126.935,159.631,127.699,161.027,210.11,259.732,238.404,300.996,255.844,320.656,271.157,346.471,288.176,364.639,303.983,386.938,329.399,412.739,352.984,442.585,370.3,458.642,384.025,477.781,409.514,498.573,426.434,517.443,455.713,539.14,476.061,542,479.018,542,486.739,487.062,464.032,461.06]],"iscrowd":0},{"id":8,"image_id":7,"category_id":1,"bbox":[57,67,493.722,493.567],"area":243684.778,"segmentation":[[546.651,486.507,532.968,473.038,512.581,462.875,488.521,442.3,471.96,433.542,442.446,404.373,425.307,393.549,397.204,358.513,373.617,340.996,359.774,321.495,335.345,296.871,315.062,285.716,281.193,245.062,257.871,232.585,247.172,213.415,225.886,189.121,211.313,176.562,203.454,175.736,185.833,146.815,162.872,123.348,145.733,112.523,138.234,100.707,91.444,70.578,61.524,67.433,57.483,105.881,57.735,106.783,88.232,160.618,103.799,171.277,131.646,216.311,144.542,229.697,155.915,234.902,178.781,274.4,193.04,289.935,208.03,298.528,230.735,331.994,252.438,352.321,265.278,358.683,285.256,387.852,318.909,415.45,346.017,452.386,374.689,474.448,390.104,494.114,424.959,517.829,443.044,534.768,478.574,554.712,538.4,561,543.56,561,551.204,488.266,546.651,486.507]],"iscrowd":0},{"id":9,"image_id":8,"category_id":3,"bbox":[219,21,190.555,282.326],"area":53798.676,"segmentation":[[397.12,254.3,359.243,201.005,294.423,99.469,269.823,65.47,238.389,29.404,225.113,20.675,221.208,21.134,219.451,25.958,220.622,44.336,227.261,62.714,235.851,77.416,262.794,116.927,297.547,177.574,315.119,204.681,324.491,216.167,335.424,235.922,351.434,256.138,364.71,276.813,378.963,292.204,392.044,303.001,402.001,298.636,410.006,287.839,409.225,278.65,397.12,254.3]],"iscrowd":0},{"id":10,"image_id":9,"category_id":2,"bbox":[105,138,417.656,355.804],"area":148603.523,"segmentation":[[212.042,160.476,206.84,151.985,207.757,141.51,179.94,139.076,177.102,146.91,171.734,150.768,164.53,137.728,162.512,137.551,136.277,158.793,113.844,161.021,104.873,263.558,111.342,276.539,125.172,275.277,132.745,293.249,141.607,296.497,166.436,294.96,176.147,309.409,186.61,315.27,208.501,315.949,236.307,343.109,259.106,343.867,278.772,364.752,280.392,382.821,306.656,396.246,338.785,426.257,341.587,430.83,340.191,446.78,345.178,457.726,366.055,459.552,377.952,480.375,421.578,473.064,427.688,481.635,429.092,487.523,495.757,493.355,500.193,489.215,517.006,457.482,522.529,394.346,521.391,372.378,508.966,336.673,497.733,323.944,486.411,327.899,475.578,315.824,458.293,283.403,438.432,280.429,424.826,258.22,404.536,260.154,406.81,249.844,404.331,241.59,383.728,226.188,371.284,232.517,358.43,201.72,333.66,192.135,323.617,202.383,309.358,208.554,304.478,196.382,309.719,178.295,308.147,170.121,281.454,161.603,271.997,175.612,258.86,179.409,253.766,169.69,258.314,149.07,256.795,145.8,228.266,143.304,220.641,156.283,212.042,160.476]],"iscrowd":0},{"id":11,"image_id":10,"category_id":1,"bbox":[67,205,474.459,268.935],"area":127598.658,"segmentation":[[430.181,228.234,404.435,246.82,377.592,258.882,354.136,276.476,338.471,281.947,302.005,308.019,268.932,323.216,248.958,337.771,223.123,348.521,199.576,363.749,178.505,371.779,146.622,390.398,129.032,395.39,96.233,412.218,77.636,418.002,66.541,462.503,113.212,474.139,143.393,466.173,167.488,454.208,200.743,443.745,221.816,430.245,245.177,421.222,280.175,401.036,315.356,385.583,339.727,369.78,363.638,358.55,388.927,339.068,413.846,326.528,458.008,296.904,533.031,256.285,541,224.322,541,222.968,469.754,205.205,430.181,228.234]],"iscrowd":0},{"id":12,"image_id":11,"category_id":1,"bbox":[165,93,295.853,474.148],"area":140277.983,"segmentation":[[447.152,512.918,413.415,483.637,401.808,479.987,381.057,463.99,365.955,457.253,351.606,440.696,298.775,402.059,267.575,364.922,250.318,327.413,245.053,279.525,251.379,253.525,250.31,229.02,261.012,191.61,260.312,171.314,268.771,145.128,272.409,100.702,271.13,92.912,189.164,100.083,176.211,143.895,174.777,164.378,165.876,185.514,165.147,190.825,184.272,409.418,196.835,428.79,223.362,449.371,236.644,466.022,264.384,488.193,264.753,492.402,311.219,519.721,337.671,539.46,342.749,548.347,366.386,554.337,385.775,567.06,389.904,566.881,461,560.661,461,551.839,458.231,520.188,447.152,512.918]],"iscrowd":0},{"id":13,"image_id":12,"category_id":1,"bbox":[36,188,508.713,282.721],"area":143823.996,"segmentation":[[197.002,368.004,148.698,378.98,110.562,370.332,87.107,360.159,68.666,346.601,37.064,315.497,35.718,314.516,69.929,451.731,87.829,460.374,133.018,470.468,164.375,469.273,236.336,451.331,254.548,444.439,284.375,423.118,309.906,411.412,432.936,320.928,453.095,297.745,483.709,276.228,530.579,229.297,544.431,210.909,538.656,187.746,424.698,216.159,413.022,227.634,393.544,236.763,357.845,268.092,322.539,287.575,304.278,304.944,288.237,311.08,249.423,339.982,231.555,345.505,197.002,368.004]],"iscrowd":0},{"id":14,"image_id":13,"category_id":3,"bbox":[113,155,371.308,317.189],"area":117774.771,"segmentation":[[461.772,343.426,446.245,284.392,418.565,222.548,392.574,186.471,376.371,172.416,354.093,162.108,325.738,154.612,298.059,155.549,272.405,163.045,245.401,177.101,192.068,220.205,169.114,246.442,154.937,257.687,119.494,303.133,113.418,316.252,114.093,323.748,120.506,329.839,138.059,334.524,150.886,331.713,179.916,317.657,227.173,277.365,276.456,244.568,306.835,235.198,338.565,240.82,363.544,260.498,384.81,294.7,426.667,429.634,451.308,471.332,459.747,471.801,484.051,445.564,484.726,431.508,477.975,388.404,461.772,343.426]],"iscrowd":0},{"id":15,"image_id":14,"category_id":1,"bbox":[129,87,405.096,473.129],"area":191662.626,"segmentation":[[221.962,469.988,224.55,455.853,236.198,423.656,245.905,359.264,262.083,317.644,284.732,286.233,323.883,255.215,403.478,216.736,420.303,203.387,433.893,198.675,462.366,179.828,471.426,168.834,486.309,161.767,511.547,131.926,524.813,121.325,533.873,94.626,529.666,87.951,503.134,87.166,486.957,96.589,467.543,99.73,446.835,113.865,422.245,123.288,398.948,140.564,386.006,142.92,349.12,162.552,315.47,173.546,260.465,206.528,218.726,250.11,197.371,289.374,188.311,312.147,183.782,341.202,177.958,360.049,168.251,426.798,157.25,458.209,149.484,469.202,135.895,503.755,128.777,528.098,130.071,539.092,138.16,552.834,155.956,560.294,166.633,555.975,176.34,546.552,205.137,508.466,221.962,469.988]],"iscrowd":0},{"id":16,"image_id":15,"category_id":2,"bbox":[399,82,185.7,293.677],"area":54535.851,"segmentation":[[543.821,101.111,522.712,103.937,517.514,113.934,506.312,111.231,492.972,118.701,497.564,135.518,491.882,138.518,481.47,135.227,467.134,148.342,475.387,159.984,475.849,165.158,466.462,169.687,457.8,168.16,454.367,170.101,444.424,183.627,454.009,195.504,453.805,200.561,443.752,204.973,436.298,204.386,425.712,219.618,428.598,238.316,426.372,241.198,420.412,242.342,416.319,265.554,418.584,267.837,415.602,269.622,399.3,362.073,475.412,375.494,476.653,363.203,494.76,354.027,497.87,336.386,506.275,327.682,507.271,322.037,501.434,312.276,513.982,272.289,515.057,262.292,511.388,255.825,519.119,235.36,530.811,223.598,538.417,203.839,552.606,189.606,558.009,174.552,570.661,165.141,572.571,160.701,585,90.214,585,84.116,571.959,81.816,543.821,101.111]],"iscrowd":0},{"id":17,"image_id":15,"category_id":1,"bbox":[29,403,509.788,78.934],"area":40239.418,"segmentation":[[310.04,419.946,254.325,419.654,231.58,422.439,205.615,420.131,185.92,422.761,177.263,420.448,149.654,421.228,138.525,418.916,118.995,422.163,103.166,418.463,96.656,419.545,90.151,425.259,72.682,429.278,55.124,426.042,43.959,418.57,29.028,422.571,39.343,461.069,56.484,468.032,80.061,472.966,215.731,480.954,283.313,479.39,363.674,481.682,413.518,479.872,494.538,458.163,504.007,454.007,523.689,437.483,532.421,433.158,538.815,423.308,533.565,403.713,519.945,402.749,469.6,415.577,427.079,423,408.286,422.079,380.019,425.02,310.04,419.946]],"iscrowd":0},{"id":18,"image_id":16,"category_id":2,"bbox":[98,123,405.183,397.274],"area":160968.687,"segmentation":[[169.952,514.042,172.215,514.104,223.538,502.255,228.035,490.908,250.373,485.751,254.097,473.083,250.139,455.937,252.472,450.536,282.679,413,309.075,394.404,308.059,374.495,326.162,348.783,350.747,344.496,376.706,310.719,400.32,306.657,410.756,298.691,419.061,281.492,446.197,279.395,455.3,274.515,460.749,253.808,475.926,253.083,499.158,183.121,503.082,176.789,491.431,126.324,430.851,128.737,420.898,122.726,350.344,139.015,349.024,142.072,344.091,140.458,302.149,150.142,305.233,158.433,301.204,169.782,286.389,167.646,276.08,156.16,262.845,159.216,246.381,167.158,245.932,176.291,254.384,195.178,250.964,209.165,234.569,204.615,222.117,194.987,196.75,209.178,187.548,244.643,173.095,239.645,153.136,259.534,151.716,268.892,155.761,279.766,133.481,280.742,122.147,306.975,101.085,313.227,97.899,322.008,143.609,520,146.677,520,169.609,514.706,169.952,514.042]],"iscrowd":0},{"id":19,"image_id":17,"category_id":2,"bbox":[447,59,102.168,321.392],"area":32835.836,"segmentation":[[546.146,268.496,547.436,262.909,547.564,251.822,540.995,247.363,540.197,244.236,548.974,229.915,545.706,213.794,539.501,211.707,532.929,204.632,534.509,200.419,546.326,193.993,542.988,179.49,540.893,176.718,533.391,174.986,527.395,168.044,529.553,163.965,540.216,157.272,533.198,141.593,523.678,140.703,520.138,136.289,529.639,124.097,521.475,113.384,511.521,111.74,510.785,101.762,494.762,92.177,476.117,62.469,461.613,59.121,461.327,59.283,458.468,76.932,456.033,80.98,448.132,115.205,451.03,119.68,451.053,135.379,457.993,147.444,457.148,161.634,463.662,178.178,462.968,196.981,468.325,210.642,467.487,230.065,462.301,234.099,459.717,242.657,456.021,279.73,447.953,285.714,446.807,290.681,450.571,300.704,446.988,316.225,458.402,329.976,448.784,361.104,455.91,371.668,494.222,380.512,506.423,376.046,521.913,365.563,532.434,350.183,535.908,335.135,534.989,332.618,540.862,304.548,539.836,293.195,543.132,278.916,538.074,271.864,546.146,268.496]],"iscrowd":0},{"id":20,"image_id":17,"category_id":1,"bbox":[39,362,494.597,147.687],"area":73045.364,"segmentation":[[504.913,366.879,496.435,362.46,489.185,363.046,473.246,371.308,451.498,373.064,440.214,378.56,410.483,385.159,401.843,389.99,380.082,392.457,352.933,401.947,327.87,405.069,268.371,420.4,194.895,444.739,163.886,449.18,144.036,455.239,96.591,458.681,40.055,458.397,39.403,495.772,44.59,496.919,66.64,507.787,188.224,509.91,227.468,501.534,312.787,477.401,385.469,460.877,528.412,415.686,534,412.955,534,362.223,524.664,366.512,504.913,366.879]],"iscrowd":0},{"id":21,"image_id":18,"category_id":1,"bbox":[29,123,559.065,389.771],"area":217907.114,"segmentation":[[562.316,398.637,539.087,398.154,443.133,418.471,415.694,417.973,386.463,424.488,324.727,431.489,251.687,429.024,199.379,414.197,163.321,388.297,133.536,343.264,122.922,277.842,125.567,248.168,120.571,211.647,124.777,190.001,108.707,128.972,103.231,122.602,55.458,131.888,50.636,138.594,51.963,150.833,33.575,196.898,36.463,217.166,28.935,246.288,64.748,430.527,89.202,456.025,113.682,473.762,162.913,497.102,203.995,508.279,239.465,512.372,588,444.624,588,441.052,578.977,394.631,562.316,398.637]],"iscrowd":0},{"id":22,"image_id":19,"category_id":1,"bbox":[178,91,263.262,482.157],"area":126933.894,"segmentation":[[436.652,532.494,416.681,516.674,390.355,489.348,380.823,485.393,364.482,470.292,352.227,463.461,341.333,448.36,299.574,411.685,275.972,377.888,264.17,344.809,263.262,303.82,270.525,282.247,271.433,261.393,283.234,230.472,284.142,213.213,293.22,191.64,299.574,154.247,295.943,106.067,291.404,96,281.872,91.326,272.794,94.921,250.553,111.82,231.489,142.022,215.149,183.73,212.426,200.989,203.348,218.247,196.993,246.292,182.468,284.404,177.929,337.618,183.376,373.573,211.518,426.787,232.397,446.202,242.383,461.303,264.17,482.157,264.17,485.753,301.39,512.36,322.27,531.056,325.901,538.966,345.418,545.798,360.851,558.022,377.191,558.742,397.163,570.966,418.496,573.483,428.482,567.73,437.56,556.944,441.191,541.124,436.652,532.494]],"iscrowd":0},{"id":23,"image_id":20,"category_id":1,"bbox":[26,104,553,418.564],"area":231465.661,"segmentation":[[560.419,410.64,537.115,403.274,508.171,385.47,489.155,378.952,452.991,352.938,433.017,344.324,397.362,311.843,369.433,297.206,351.493,278.824,321.478,256.782,298.118,248.345,255.411,210.867,228.609,201.537,214.055,182.978,187.426,160.759,169.879,149.87,161.415,150.314,137.891,122.564,112.482,103.632,26,108.164,26,111.187,27.618,142.051,36.812,153.624,55.094,162.327,92.156,205.468,108.066,217.515,120.988,221.132,151.844,259.232,169.559,273.331,186.882,279.937,216.555,311.658,242.959,329.596,257.63,334.194,283.693,361.811,323.978,385.462,358.899,420.128,392.978,438.737,412.61,457.03,453.517,476.355,475.521,491.303,546.504,517.639,552.448,522.196,579,520.804,579,517.311,573.916,420.309,560.419,410.64]],"iscrowd":0},{"id":24,"image_id":21,"category_id":1,"bbox":[80,0,388.06,581.783],"area":225766.589,"segmentation":[[80,0,90.746,39.711,103.483,55.904,117.811,83.663,145.672,116.819,162.388,143.036,183.881,164.627,194.229,184.675,220.498,216.289,234.826,247.904,251.542,269.494,265.871,303.422,283.383,326.554,289.751,345.06,314.428,380.53,342.289,444.53,355.821,466.12,357.413,477.687,371.741,496.964,377.313,515.47,394.03,546.313,402.786,552.482,407.562,565.59,415.124,573.687,427.065,581.398,433.035,581.783,453.333,574.458,468.06,562.506,467.264,545.542,457.711,524.723,455.323,506.988,395.622,368.193,383.682,350.458,364.577,308.048,351.045,291.084,331.144,248.675,319.204,234.024,312.04,216.289,256.318,135.325,238.806,121.446,229.254,104.482,195.025,70.554,143.682,5.398,134.129,0,80,0]],"iscrowd":0},{"id":25,"image_id":22,"category_id":3,"bbox":[48,113,503.276,358.864],"area":180607.703,"segmentation":[[551.455,426.498,550.153,413.375,544.619,398.738,529.644,385.615,504.903,372.492,450.865,352.303,414.405,327.066,391.617,307.886,295.259,201.893,241.872,157.476,202.808,134.259,141.607,113.06,101.892,115.079,71.292,128.202,48.179,148.896,50.458,162.524,71.943,183.722,94.079,193.817,163.093,212.997,202.808,237.224,243.825,270.536,256.195,286.688,281.587,308.896,293.306,329.085,305.025,342.208,321.302,354.322,337.579,375.521,389.664,420.946,395.849,428.517,396.826,435.079,403.988,432.05,418.311,441.136,434.588,444.164,452.167,459.306,467.141,457.287,481.465,463.344,497.091,463.344,510.437,471.924,517.274,463.344,544.944,462.839,550.153,445.678,551.455,426.498]],"iscrowd":0},{"id":26,"image_id":23,"category_id":1,"bbox":[59,227,506.162,175.777],"area":88971.672,"segmentation":[[147.268,393.404,167.528,391.275,200.313,374.669,230.811,369.709,252.566,359.527,271.454,361.051,304.664,354.051,322.363,360.964,354.962,359.292,371.991,365.398,386.736,366.481,478.288,357.735,496.569,347.918,514.332,344.297,530.512,331.191,547.331,324.159,558.972,312.408,565.123,301.38,557.328,227.223,555.887,227.374,529.345,236.563,502.531,254.295,489.309,256.562,476.145,264.964,455.033,264.552,446.715,268.935,403.787,272.57,371.922,264.514,353.977,266.4,344.747,262.106,309.012,256.211,296.55,260.153,282.78,257.214,247.561,261.793,238.267,268.033,227.086,267.454,193.084,278.046,181.261,288.062,153.84,294.453,134.401,304.393,125.96,313.176,109.843,315.747,86.534,327.847,71.115,342.628,63.986,341.622,58.96,344.133,65.148,403,71.553,403,144.287,395.355,147.268,393.404]],"iscrowd":0},{"id":27,"image_id":24,"category_id":1,"bbox":[78,145,433.346,383.966],"area":166390.163,"segmentation":[[457.896,153.125,441.823,166.782,413.18,184.709,401.524,197.212,371.013,216.119,360.417,227.485,340.124,236.966,312.594,257.794,275.115,278.032,266.638,287.125,233.02,304.756,219.623,317.591,196.025,331.129,175.337,351.274,145.382,371.631,126.561,390.796,111.96,414.138,97.378,428.757,90.568,441.802,77.654,508.237,78.482,513.022,90.726,522.687,125.447,529.436,131.153,528.966,136.792,523.685,146.041,501.988,178.924,449.307,229.712,399.435,260.223,380.528,271.753,368.673,292.046,359.191,317.026,338.538,337.319,329.057,363.233,307.915,392.308,292.085,409.943,274.703,426.501,267.181,453.295,241.511,474.469,227.502,494.978,203.966,504.197,197.034,511,162.034,511,152.864,472.958,145.469,457.896,153.125]],"iscrowd":0},{"id":28,"image_id":25,"category_id":1,"bbox":[57,249,506.957,130.609],"area":66213.223,"segmentation":[[563.623,363.826,564.238,357.151,550.302,340.937,539.38,337.775,513.845,314.302,505.916,311.192,499.905,312.573,485.635,301.182,464.828,292.647,450.875,291.661,443.011,284.838,425.671,277.85,401.781,274.462,390.937,266.844,361.114,260.381,351.611,261.701,343.209,257.097,312.796,255.824,301.259,259.337,290.325,256.917,260.255,264.563,252.696,268.888,237.233,268.618,210.629,277.811,173.706,277.909,166.276,274.808,148.281,276.722,136.414,270.573,124.955,269.63,100.735,256.579,71.922,249.391,65.872,252.999,57.954,262.53,57.281,301.089,58.506,303.383,71.87,309.558,81.113,323.091,91.931,332.193,106.817,336.91,121.612,346.825,137.048,348.58,153.391,355.551,232.212,356.184,244.721,354.174,258.804,347.734,286.761,346.736,301.356,339.563,330.234,343.038,346.247,340.347,365.583,347.369,391.992,349.316,421.226,360.969,438.684,361.273,455.986,370.489,488.329,375.511,497.878,380,544.08,380,559.785,369.33,563.623,363.826]],"iscrowd":0},{"id":29,"image_id":26,"category_id":1,"bbox":[95,128,395.597,416.749],"area":164864.445,"segmentation":[[480.371,432.264,462.475,409.625,432.862,384.452,413.087,360.554,389.481,343.397,376.651,328.146,342.836,305.476,334.828,294.786,297.193,268.891,270.213,243.487,249.672,231.046,239.661,217.684,209.294,194,198.282,179.302,169.793,156.878,154.208,140.444,134.712,127.732,95.403,131.171,99.852,182.022,109.086,190.665,128.293,218.173,149.267,235.559,174.925,266.062,191.709,275.984,208.542,296.58,237.722,316.808,262.948,342.365,283.489,354.806,307.775,379.734,328.316,392.175,339.267,406.167,369.634,429.85,418.132,488.967,445.042,544.481,491,540.46,491,533.799,482.5,436.646,480.371,432.264]],"iscrowd":0},{"id":30,"image_id":27,"category_id":2,"bbox":[101,152,427.865,324.865],"area":138998.36,"segmentation":[[224.12,447.568,236.105,430.27,254.482,430.27,259.675,421.081,259.675,407.027,262.472,403.243,292.834,379.459,316.804,369.73,319.6,354.054,338.377,337.297,358.352,338.378,384.719,316.757,403.895,317.838,413.483,313.514,423.071,301.622,444.644,304.865,452.634,302.703,460.624,287.568,472.609,289.73,503.371,239.459,528.14,214.595,529.338,210.811,520.949,207.027,525.743,197.297,459.825,184.865,437.453,163.243,429.463,175.135,425.069,171.351,421.473,157.838,414.282,152.432,401.498,152.432,398.702,157.297,398.702,173.514,393.508,180.541,386.317,176.216,379.126,161.081,356.754,162.162,353.958,167.027,356.355,185.405,351.161,193.514,339.975,189.189,332.784,176.216,308.814,181.622,306.816,188.649,310.012,204.865,304.819,215.135,292.834,208.649,284.844,198.919,262.472,205.405,248.889,231.351,238.502,224.865,219.326,236.757,216.529,243.784,217.728,252.973,200.15,249.73,186.567,268.108,168.989,269.189,151.411,296.216,141.024,305.946,131.436,301.622,120.649,311.892,107.066,342.162,101.473,382.162,103.87,415.676,116.654,445.946,134.632,465.946,162.197,477.297,173.383,466.486,180.574,444.865,186.567,437.838,224.12,447.568]],"iscrowd":0},{"id":31,"image_id":28,"category_id":1,"bbox":[37,94,531.975,441.497],"area":234865.329,"segmentation":[[209.597,449.198,241.529,432.086,256.476,416.684,282.972,400.428,309.469,371.337,340.722,350.802,360.425,327.701,371.975,323.422,392.357,308.021,414.777,281.497,428.365,275.508,441.953,263.529,465.053,231.872,475.244,228.449,487.473,218.182,515.329,182.246,529.597,174.545,560.51,131.337,568.662,110.802,568.662,98.824,562.208,94.118,539.788,94.973,492.229,118.93,484.756,128.342,469.13,136.043,447.389,154.011,429.724,177.112,422.93,177.112,409.342,186.524,388.96,205.348,378.089,220.749,357.028,229.305,324.416,260.963,306.072,268.663,282.972,287.487,269.384,302.888,247.643,315.722,220.467,343.102,204.841,350.802,176.985,373.048,162.038,379.037,139.618,394.439,121.274,401.283,108.365,411.551,98.854,414.118,80.51,432.086,68.28,438.075,45.52,467.594,37.367,488.128,36.688,505.241,42.803,518.93,54.013,531.337,63.524,535.615,75.414,535.187,80.51,533.904,136.9,485.989,192.611,462.032,209.597,449.198]],"iscrowd":0},{"id":32,"image_id":29,"category_id":1,"bbox":[42,89,511.631,408.238],"area":208867.043,"segmentation":[[554.113,469.748,554.113,459.497,544.877,436.064,519.481,429.108,502.857,429.84,482.54,425.446,394.805,426.911,370.794,421.785,344.012,422.517,288.6,418.124,224.877,403.478,181.472,381.51,154.228,352.586,135.758,307.918,137.605,248.604,144.993,222.975,146.84,190.023,154.228,171.716,150.534,115.332,137.605,92.632,127.908,89.336,122.367,90.801,97.893,113.867,96.97,124.851,72.958,162.197,72.035,180.503,56.335,213.455,53.564,244.211,47.1,258.856,42.482,285.95,48.947,346.728,55.411,365.034,77.576,399.451,96.046,419.222,135.296,448.146,169.466,464.989,211.025,478.169,244.271,486.224,309.841,494.279,427.59,497.574,484.387,494.279,528.716,486.224,548.11,478.902,554.113,469.748]],"iscrowd":0},{"id":33,"image_id":30,"category_id":1,"bbox":[171,91,263.545,481.463],"area":126887.36,"segmentation":[[337.459,553.67,337.609,549.378,364.554,525.399,377.135,507.792,402.934,485.491,429.327,439.66,434.545,290.234,427.841,270.667,421.404,236.928,411.259,215.95,408.718,195.237,390.9,144.774,369.342,107.929,349.892,92.093,319.285,91.024,315.257,99.165,308.903,156.519,314.95,201.415,324.915,227.544,325.283,248.18,338.118,285.58,338.336,310.508,346.128,336.561,343.334,385.445,327.83,424.433,298.173,463.786,246.665,505.814,232.997,523.383,218.045,531.024,197.858,548.365,186.285,552.687,171,567.442,171,567.667,309.013,572.487,337.459,553.67]],"iscrowd":0},{"id":34,"image_id":31,"category_id":1,"bbox":[94,156,422.093,416],"area":175590.878,"segmentation":[[446.126,172.574,435.199,184.45,406.894,206.127,390.545,225.088,362.894,245.21,347.934,263.356,321.699,283.429,304.722,304.71,287.45,317.574,262.245,346.805,238.107,366.038,221.785,385.765,197.54,401.936,178.466,424.058,161.822,434.6,135.801,460.795,94.038,512.173,96.127,572,110.928,572,126.91,571.442,161.57,528.858,176.036,516.859,183.476,506.638,206.197,487.454,219.141,472.444,246.845,453.852,261.151,437.261,288.093,417.164,305.752,395.092,312.724,391.784,331.225,373.514,346.786,352.282,356.511,346.578,379.098,323.568,386.458,311.051,405.854,298.114,430.351,268.907,442.119,260.833,472.094,226.071,481.11,220.393,513.122,172.917,516.131,163.639,515.864,156,515.556,156,472.2,157.514,446.126,172.574]],"iscrowd":0},{"id":35,"image_id":32,"category_id":1,"bbox":[103,170,402.745,346.896],"area":139710.507,"segmentation":[[242.343,459.675,256.268,445.005,272.87,433.391,296.435,410.774,321.071,391.824,337.138,374.709,353.741,361.261,369.808,341.089,386.946,326.418,415.866,294.632,497.54,220.363,503.431,212.416,505.573,203.247,505.038,191.022,499.682,179.408,489.238,169.933,479.063,172.378,469.958,179.102,448.536,188.883,440.502,196.829,412.117,215.778,380.519,246.342,363.916,265.903,345.172,280.573,330.176,298.911,318.929,306.246,295.364,333.754,272.335,352.092,259.481,367.373,241.272,380.821,225.741,397.326,210.745,407.717,189.322,428.5,176.469,435.836,153.975,455.396,135.766,466.399,113.272,486.571,104.971,499.102,102.828,508.883,108.452,514.078,124.251,516.829,163.615,509.188,201.64,488.405,218.243,474.346,242.343,459.675]],"iscrowd":0},{"id":36,"image_id":33,"category_id":3,"bbox":[118,148,366.948,357.637],"area":131234.234,"segmentation":[[176.215,473.476,191.41,314.458,207.196,271.614,230.551,243.931,264.768,230.167,300.992,233.286,363.887,257.782,426.275,291.041,462.087,299.657,477.113,299.709,485.215,295.625,475.042,247.767,440.169,218.849,421.651,209.802,389.783,186.284,319.931,151.366,308.861,148.363,172.1,177.432,157.303,196.752,136.664,242.791,120.185,317.696,118.267,355.163,150.328,506,150.997,506,166.168,502.775,176.215,473.476]],"iscrowd":0},{"id":37,"image_id":34,"category_id":1,"bbox":[93,165,433,391.388],"area":169471.218,"segmentation":[[511.457,434.598,480.368,406.582,460.851,395.672,437.888,371.84,409.41,355.029,389.712,333.737,361.174,313.464,330.83,281.973,310.463,268.481,289.929,245.473,258.961,224.378,240.903,204.788,208.325,183.721,190.489,165.21,93,166.912,93,167.617,105.253,183.789,115.824,189.662,151.909,227.112,165.745,235.525,195.285,267.03,218.067,280.479,227.164,294.168,254.167,318.794,265.543,324.653,284.466,347.69,306.549,367.209,314.66,370.53,336.013,394.389,367.786,415.47,385.009,433.344,417.557,452.681,433.139,468.852,460.067,489.152,469.119,500.245,486.251,512.927,526,556.599,526,499.411,525.131,449.641,511.457,434.598]],"iscrowd":0},{"id":38,"image_id":35,"category_id":1,"bbox":[114,115,359.325,442.91],"area":159148.696,"segmentation":[[201.253,472.085,239.036,416.838,263.711,393.87,272.193,380.834,289.157,368.419,308.434,344.83,325.398,332.415,345.446,308.206,369.349,288.341,382.458,269.098,396.337,259.166,416.386,230.611,433.349,213.851,448,188.4,458.024,177.226,471.133,143.705,473.446,122.599,466.892,115.461,456.096,116.702,434.506,124.772,404.819,148.05,392.482,163.569,369.349,185.296,360.867,198.952,336.193,221.92,328.482,234.336,311.518,246.751,289.928,270.96,259.084,296.411,252.916,306.343,225.157,328.691,215.133,342.968,195.855,359.728,180.434,382.076,156.53,406.285,142.651,427.391,133.398,451.6,122.602,467.74,114.892,493.812,114.12,509.952,114.892,534.782,120.289,549.059,137.639,558.06,157.301,558.371,171.566,554.336,175.807,548.438,180.434,526.712,201.253,472.085]],"iscrowd":0},{"id":39,"image_id":36,"category_id":2,"bbox":[145,147,365.84,326.246],"area":119353.998,"segmentation":[[240.22,434.354,266.667,433.393,274.16,427.147,278.127,413.213,295.317,406.967,296.198,382.943,319.559,355.556,333.223,345.465,333.223,328.168,349.532,309.429,371.57,298.859,388.32,280.601,406.832,274.835,420.937,258.498,444.738,252.733,449.587,249.369,453.554,238.318,469.862,233.033,484.848,209.009,491.901,185.946,510.413,160.961,503.361,157.117,504.683,147.027,487.052,153.754,445.62,158.559,434.16,157.598,420.937,149.91,412.121,149.91,409.917,157.117,405.069,159.52,394.49,148.949,375.978,150.871,372.893,154.234,375.537,167.688,372.452,174.895,361.873,173.934,353.939,165.285,332.782,172.012,330.579,178.258,334.986,184.985,333.664,198.919,321.322,197.958,308.981,191.231,287.383,205.165,294.435,215.736,293.113,228.709,279.008,228.709,267.548,223.904,248.595,237.838,249.477,247.447,245.069,260.901,229.642,259.459,215.096,276.276,219.504,285.886,207.603,289.249,199.229,304.144,184.242,314.715,164.848,348.348,151.625,355.075,144.573,384.865,148.099,418.498,161.322,449.249,186.446,469.91,207.163,473.273,220.826,472.793,225.675,468.468,227.438,454.054,240.22,434.354]],"iscrowd":0},{"id":40,"image_id":37,"category_id":3,"bbox":[37,117,525.41,342.947],"area":180187.682,"segmentation":[[529.428,352.225,481.72,324.054,451.607,302.214,322.108,178.94,251.601,128.418,228.477,116.836,36.59,130.254,39.655,174.074,41.747,175.86,70.259,186.469,158.079,204.273,209.763,230.906,263.862,268.712,280.708,287.699,314.335,313.074,330.719,337.134,346.489,352.415,367.861,366.044,390.022,390.96,458.991,442.85,467.37,451.716,469.159,459.783,477.836,455.395,484.833,459.156,562,453.76,562,429.209,557.188,360.393,529.428,352.225]],"iscrowd":0},{"id":41,"image_id":38,"category_id":3,"bbox":[63,90,476.497,405.76],"area":193343.723,"segmentation":[[515.382,408.745,459.81,380.908,423.632,349.609,401.406,326.377,310.242,201.313,258.111,147.442,218.916,118.026,177.285,98.418,99.47,90.24,78.79,96.699,66.686,105.501,62.671,143.694,73.199,156.602,95.757,169.971,167.475,198.406,207.254,228.983,247.397,269.496,258.813,288.293,283.484,315.082,293.745,338.157,304.806,353.618,320.861,368.503,335.887,393.179,386.509,447.991,392.274,456.846,392.577,464.027,400.588,461.569,414.894,472.971,431.979,478.067,440.761,487.459,522.019,496,531.69,496,539.169,424.847,515.382,408.745]],"iscrowd":0},{"id":42,"image_id":39,"category_id":3,"bbox":[233,11,167.598,299.875],"area":50258.356,"segmentation":[[281.939,299.671,295.536,272.807,312.536,246.151,323.385,220.706,333.381,205.525,351.41,170.282,386.169,92.02,400.299,65.925,394.539,11.125,383.736,12.26,370.99,30.312,345.243,74.844,278.931,206.726,239.411,276.445,232.701,294.339,234.452,311,237.252,311,276.521,306.873,281.939,299.671]],"iscrowd":0},{"id":43,"image_id":40,"category_id":3,"bbox":[111,149,382.064,313.906],"area":119932.209,"segmentation":[[294.37,208.917,330.844,213.404,360.465,234.245,386.721,271.791,442.42,422.426,469.208,462.638,488.178,461.643,492.592,456.367,486.753,344.954,477.277,322.495,456.08,256.426,420.876,187.892,389.312,148.731,208.009,158.233,162.76,198.753,138.177,229.899,122.698,243.507,110.528,260.855,114.154,330.042,122.488,327.759,154.716,310.075,206.144,261.527,260.326,221.365,294.37,208.917]],"iscrowd":0},{"id":44,"image_id":41,"category_id":1,"bbox":[50,248,518.667,182.618],"area":94717.766,"segmentation":[[423.667,363.56,444.333,349.319,473,338.429,519.667,310.785,554.333,283.141,565.333,271.832,568.667,262.618,560.333,252.984,542.333,247.958,497,254.66,479.667,263.874,452.333,271.414,426.333,286.492,409,289.843,374.333,307.435,342.333,315.812,324.333,325.864,310.333,327.539,273.667,342.618,258.333,343.455,226.333,354.346,185.667,353.508,157,339.267,140.333,326.702,128.333,312.461,109.333,281.885,88.333,257.173,67,258.01,57,264.712,50,274.346,50.667,296.963,60.667,330.471,78.667,355.602,82,366.492,101.667,385.34,105.667,392.88,121,405.445,155,422.199,195.667,430.576,217.333,430.157,257,425.55,285,414.66,307.667,410.471,423.667,363.56]],"iscrowd":0},{"id":45,"image_id":42,"category_id":1,"bbox":[162,58,336.162,530.223],"area":178241.043,"segmentation":[[213.998,576.849,238.234,531.474,249.66,487.7,250.033,472.225,257.007,436.008,256.489,365.864,266.697,318.857,285.514,281.62,321.962,242.019,400.205,187.662,415.865,170.623,429.537,163.319,456.67,138.467,464.461,125.243,479.114,115.215,498.282,83.611,494.19,57.777,432.605,67.531,429.023,70.907,404.435,85.079,382.548,107.386,369.168,112.075,333.212,139.18,299.245,156.55,246.251,200.912,209.165,254.317,193.05,299.691,187.243,325.446,187.317,357.122,184.294,378.155,185.209,450.805,178.791,486.078,172.378,499.084,163.734,538.135,162.12,550.725,166.889,580.838,172.792,588,173.455,588,209.974,582.216,213.998,576.849]],"iscrowd":0},{"id":46,"image_id":43,"category_id":1,"bbox":[146,70,368.047,506],"area":186231.874,"segmentation":[[167.63,149.548,183.101,158.597,191.886,171.335,220.981,194.4,235.272,200.78,252.255,216.801,334.932,265.928,374.455,303.157,396.046,339.246,409.655,385.75,414.094,456.247,423.682,492.14,425.153,507.658,439.76,550.83,452.653,571.309,506.266,576,511.636,576,514.069,548.191,503.821,513.686,496.44,501.07,487.479,466.087,483.263,393.045,478.729,372.129,476.564,340.305,468.892,314.84,449.446,270.389,408.304,219.339,351.774,178.484,316.323,163.412,278.18,138.701,264.368,134.928,240.739,114.051,214.964,101.536,193.844,84.299,173.089,79.063,160.917,70.499,155.216,70,150.314,70,146.022,119.059,167.63,149.548]],"iscrowd":0},{"id":47,"image_id":44,"category_id":1,"bbox":[42,204,510.293,251.512],"area":128344.724,"segmentation":[[324.676,324.624,310.975,329.042,277.188,351.401,261.986,355.234,232.055,372.458,191.137,379.534,159.616,370.746,140.448,361.311,125.629,349.277,100.591,322.12,74.698,301.271,53.484,306.272,44.777,314.983,41.594,321.868,48.053,355.096,61.352,380.634,84.32,402.49,89.797,412.831,113.203,428.022,118.69,434.852,136.521,444.546,173.88,454.831,191.014,455.047,276.463,438.437,276.755,438.344,302.678,421.899,324.571,413.257,431.616,343.318,449.533,324.92,476.125,308.345,517.468,271.356,546.785,236.705,551.888,228.849,547.342,205.465,546.882,205.101,527.858,203.535,483.742,219.129,468.18,231.805,442.267,244.738,419.17,265.02,402.457,271.778,371.167,296.285,340.743,310.972,324.676,324.624]],"iscrowd":0},{"id":48,"image_id":45,"category_id":1,"bbox":[57,253,507.858,124.404],"area":63179.429,"segmentation":[[198.459,357.431,227.55,346.422,253.683,344.954,272.912,338.349,288.69,341.284,317.288,338.349,331.587,345.688,359.199,347.156,373.005,353.761,385.331,355.963,463.236,356.697,479.507,350.092,494.792,348.624,509.584,339.083,524.376,334.679,535.223,325.872,544.592,312.661,557.904,306.789,565.054,293.945,565.054,284.404,560.616,268.257,551.495,256.881,545.578,253.211,516.98,259.817,492.82,272.294,481.479,273.028,469.646,278.899,451.895,276.697,444.499,279.633,408.012,278.899,381.88,269.358,366.595,269.358,359.199,264.954,329.615,256.881,318.767,259.083,307.427,255.413,277.35,256.147,268.968,260.55,259.599,259.083,230.015,264.954,219.168,272.294,195.501,275.229,178.243,281.835,170.354,288.44,156.549,289.174,135.84,297.248,121.541,308.257,115.624,306.789,107.735,309.725,82.096,332.477,71.248,335.413,57.196,351.193,57.689,357.798,61.387,363.303,80.123,376.514,116.364,377.615,131.895,370.642,163.945,366.239,181.202,357.431,198.459,357.431]],"iscrowd":0},{"id":49,"image_id":46,"category_id":1,"bbox":[73,58,492.035,478.3],"area":235340.505,"segmentation":[[466.528,455.45,499.354,431.4,535.284,393.704,551.051,369.487,565.371,335.41,535.307,164.907,516.283,138.223,511.917,119.144,479.731,84.328,476.723,72.949,453.501,57.7,429.602,61.914,421.613,84.254,428.182,144.231,439.349,162.11,447.402,196.419,459.927,221.999,472.868,284.028,461.718,334.425,438.419,369.895,396.827,401.047,332.502,428.269,275.02,443.168,246.708,447.366,222.397,457.211,129.823,471.946,109.263,480.335,91.638,482.649,73.336,491.305,81.217,536,87.564,536,426.874,476.17,466.528,455.45]],"iscrowd":0}]}